symbol,signal_date,strategy,timeframe,net_profit_positive_3y_latest,pe,pe_lt_30,revenue_growth_yoy,profit_growth_yoy,growth_positive,peg_like_ratio,peg_like_lt_1,error_reason
000027,2025-05-07,"MAPullbackPeakCondition(5,30,5%)",daily,False,,,,,,,,Invalid Annual Profit (None) for PE; Missing reports for YoY growth; PE is NaN for PE/Growth calc; Rev Growth invalid for PE/Growth calc
000089,2025-05-07,"MAPullbackPeakCondition(5,30,5%)",daily,False,,,,,,,,Invalid Annual Profit (None) for PE; Missing reports for YoY growth; PE is NaN for PE/Growth calc; Rev Growth invalid for PE/Growth calc
000425,2025-05-07,"MAPullbackPeakCondition(5,30,5%)",daily,False,,,,,,,,Invalid Annual Profit (None) for PE; Missing reports for YoY growth; PE is NaN for PE/Growth calc; Rev Growth invalid for PE/Growth calc
000510,2025-05-07,"MAPullbackPeakCondition(5,30,5%)",daily,False,,,,,,,,Invalid Annual Profit (None) for PE; Missing reports for YoY growth; PE is NaN for PE/Growth calc; Rev Growth invalid for PE/Growth calc
000537,2025-05-07,"MAPullbackPeakCondition(5,30,5%)",daily,False,,,,,,,,Invalid Annual Profit (None) for PE; Missing reports for YoY growth; PE is NaN for PE/Growth calc; Rev Growth invalid for PE/Growth calc
000538,2025-05-07,"MAPullbackPeakCondition(5,30,5%)",daily,False,,,,,,,,Invalid Annual Profit (None) for PE; Missing reports for YoY growth; PE is NaN for PE/Growth calc; Rev Growth invalid for PE/Growth calc
000617,2025-05-07,"MAPullbackPeakCondition(5,30,5%)",daily,False,,,,,,,,Invalid Annual Profit (None) for PE; Missing reports for YoY growth; PE is NaN for PE/Growth calc; Rev Growth invalid for PE/Growth calc
000635,2025-05-07,"MAPullbackPeakCondition(5,30,5%)",daily,False,,,,,,,,Invalid Annual Profit (None) for PE; Missing reports for YoY growth; PE is NaN for PE/Growth calc; Rev Growth invalid for PE/Growth calc
000651,2025-05-07,"MAPullbackPeakCondition(5,30,5%)",daily,False,,,,,,,,Invalid Annual Profit (None) for PE; Missing reports for YoY growth; PE is NaN for PE/Growth calc; Rev Growth invalid for PE/Growth calc
000709,2025-05-07,"MAPullbackPeakCondition(5,30,5%)",daily,False,,,,,,,,Invalid Annual Profit (None) for PE; Missing reports for YoY growth; PE is NaN for PE/Growth calc; Rev Growth invalid for PE/Growth calc
000711,2025-05-07,"MAPullbackPeakCondition(5,30,5%)",daily,False,,,,,,,,Invalid Annual Profit (None) for PE; Missing reports for YoY growth; PE is NaN for PE/Growth calc; Rev Growth invalid for PE/Growth calc
000729,2025-05-07,"MAPullbackPeakCondition(5,30,5%)",daily,False,,,,,,,,Invalid Annual Profit (None) for PE; Missing reports for YoY growth; PE is NaN for PE/Growth calc; Rev Growth invalid for PE/Growth calc
000767,2025-05-07,"MAPullbackPeakCondition(5,30,5%)",daily,False,,,,,,,,Invalid Annual Profit (None) for PE; Missing reports for YoY growth; PE is NaN for PE/Growth calc; Rev Growth invalid for PE/Growth calc
000782,2025-05-07,"MAPullbackPeakCondition(5,30,5%)",daily,False,,,,,,,,Invalid Annual Profit (None) for PE; Missing reports for YoY growth; PE is NaN for PE/Growth calc; Rev Growth invalid for PE/Growth calc
000791,2025-05-07,"MAPullbackPeakCondition(5,30,5%)",daily,False,,,,,,,,Invalid Annual Profit (None) for PE; Missing reports for YoY growth; PE is NaN for PE/Growth calc; Rev Growth invalid for PE/Growth calc
000828,2025-05-07,"MAPullbackPeakCondition(5,30,5%)",daily,False,,,,,,,,Invalid Annual Profit (None) for PE; Missing reports for YoY growth; PE is NaN for PE/Growth calc; Rev Growth invalid for PE/Growth calc
000862,2025-05-07,"MAPullbackPeakCondition(5,30,5%)",daily,False,,,,,,,,Invalid Annual Profit (None) for PE; Missing reports for YoY growth; PE is NaN for PE/Growth calc; Rev Growth invalid for PE/Growth calc
000869,2025-05-07,"MAPullbackPeakCondition(5,30,5%)",daily,False,,,,,,,,Invalid Annual Profit (None) for PE; Missing reports for YoY growth; PE is NaN for PE/Growth calc; Rev Growth invalid for PE/Growth calc
000875,2025-05-07,"MAPullbackPeakCondition(5,30,5%)",daily,False,,,,,,,,Invalid Annual Profit (None) for PE; Missing reports for YoY growth; PE is NaN for PE/Growth calc; Rev Growth invalid for PE/Growth calc
000885,2025-05-07,"MAPullbackPeakCondition(5,30,5%)",daily,False,,,,,,,,Invalid Annual Profit (None) for PE; Missing reports for YoY growth; PE is NaN for PE/Growth calc; Rev Growth invalid for PE/Growth calc
000902,2025-05-07,"MAPullbackPeakCondition(5,30,5%)",daily,False,,,,,,,,Invalid Annual Profit (None) for PE; Missing reports for YoY growth; PE is NaN for PE/Growth calc; Rev Growth invalid for PE/Growth calc
000908,2025-05-07,"MAPullbackPeakCondition(5,30,5%)",daily,False,,,,,,,,Invalid Annual Profit (None) for PE; Missing reports for YoY growth; PE is NaN for PE/Growth calc; Rev Growth invalid for PE/Growth calc
000915,2025-05-07,"MAPullbackPeakCondition(5,30,5%)",daily,False,,,,,,,,Invalid Annual Profit (None) for PE; Missing reports for YoY growth; PE is NaN for PE/Growth calc; Rev Growth invalid for PE/Growth calc
000920,2025-05-07,"MAPullbackPeakCondition(5,30,5%)",daily,False,,,,,,,,Invalid Annual Profit (None) for PE; Missing reports for YoY growth; PE is NaN for PE/Growth calc; Rev Growth invalid for PE/Growth calc
000953,2025-05-07,"MAPullbackPeakCondition(5,30,5%)",daily,False,,,,,,,,Invalid Annual Profit (None) for PE; Missing reports for YoY growth; PE is NaN for PE/Growth calc; Rev Growth invalid for PE/Growth calc
000963,2025-05-07,"MAPullbackPeakCondition(5,30,5%)",daily,False,,,,,,,,Invalid Annual Profit (None) for PE; Missing reports for YoY growth; PE is NaN for PE/Growth calc; Rev Growth invalid for PE/Growth calc
000966,2025-05-07,"MAPullbackPeakCondition(5,30,5%)",daily,False,,,,,,,,Invalid Annual Profit (None) for PE; Missing reports for YoY growth; PE is NaN for PE/Growth calc; Rev Growth invalid for PE/Growth calc
000975,2025-05-07,"MAPullbackPeakCondition(5,30,5%)",daily,False,,,,,,,,Invalid Annual Profit (None) for PE; Missing reports for YoY growth; PE is NaN for PE/Growth calc; Rev Growth invalid for PE/Growth calc
000989,2025-05-07,"MAPullbackPeakCondition(5,30,5%)",daily,False,,,,,,,,Invalid Annual Profit (None) for PE; Missing reports for YoY growth; PE is NaN for PE/Growth calc; Rev Growth invalid for PE/Growth calc
001218,2025-05-07,"MAPullbackPeakCondition(5,30,5%)",daily,False,,,,,,,,Invalid Annual Profit (None) for PE; Missing reports for YoY growth; PE is NaN for PE/Growth calc; Rev Growth invalid for PE/Growth calc
001225,2025-05-07,"MAPullbackPeakCondition(5,30,5%)",daily,False,,,,,,,,Invalid Annual Profit (None) for PE; Missing reports for YoY growth; PE is NaN for PE/Growth calc; Rev Growth invalid for PE/Growth calc
001234,2025-05-07,"MAPullbackPeakCondition(5,30,5%)",daily,False,,,,,,,,Invalid Annual Profit (None) for PE; Missing reports for YoY growth; PE is NaN for PE/Growth calc; Rev Growth invalid for PE/Growth calc
001331,2025-05-07,"MAPullbackPeakCondition(5,30,5%)",daily,False,,,,,,,,Invalid Annual Profit (None) for PE; Missing reports for YoY growth; PE is NaN for PE/Growth calc; Rev Growth invalid for PE/Growth calc
001367,2025-05-07,"MAPullbackPeakCondition(5,30,5%)",daily,False,,,,,,,,Invalid Annual Profit (None) for PE; Missing reports for YoY growth; PE is NaN for PE/Growth calc; Rev Growth invalid for PE/Growth calc
002001,2025-05-07,"MAPullbackPeakCondition(5,30,5%)",daily,False,,,,,,,,Invalid Annual Profit (None) for PE; Missing reports for YoY growth; PE is NaN for PE/Growth calc; Rev Growth invalid for PE/Growth calc
002004,2025-05-07,"MAPullbackPeakCondition(5,30,5%)",daily,False,,,,,,,,Invalid Annual Profit (None) for PE; Missing reports for YoY growth; PE is NaN for PE/Growth calc; Rev Growth invalid for PE/Growth calc
002007,2025-05-07,"MAPullbackPeakCondition(5,30,5%)",daily,False,,,,,,,,Invalid Annual Profit (None) for PE; Missing reports for YoY growth; PE is NaN for PE/Growth calc; Rev Growth invalid for PE/Growth calc
002096,2025-05-07,"MAPullbackPeakCondition(5,30,5%)",daily,False,,,,,,,,Invalid Annual Profit (None) for PE; Missing reports for YoY growth; PE is NaN for PE/Growth calc; Rev Growth invalid for PE/Growth calc
002099,2025-05-07,"MAPullbackPeakCondition(5,30,5%)",daily,False,,,,,,,,Invalid Annual Profit (None) for PE; Missing reports for YoY growth; PE is NaN for PE/Growth calc; Rev Growth invalid for PE/Growth calc
002124,2025-05-07,"MAPullbackPeakCondition(5,30,5%)",daily,False,,,,,,,,Invalid Annual Profit (None) for PE; Missing reports for YoY growth; PE is NaN for PE/Growth calc; Rev Growth invalid for PE/Growth calc
002133,2025-05-07,"MAPullbackPeakCondition(5,30,5%)",daily,False,,,,,,,,Invalid Annual Profit (None) for PE; Missing reports for YoY growth; PE is NaN for PE/Growth calc; Rev Growth invalid for PE/Growth calc
002210,2025-05-07,"MAPullbackPeakCondition(5,30,5%)",daily,False,,,,,,,,Invalid Annual Profit (None) for PE; Missing reports for YoY growth; PE is NaN for PE/Growth calc; Rev Growth invalid for PE/Growth calc
002267,2025-05-07,"MAPullbackPeakCondition(5,30,5%)",daily,False,,,,,,,,Invalid Annual Profit (None) for PE; Missing reports for YoY growth; PE is NaN for PE/Growth calc; Rev Growth invalid for PE/Growth calc
002287,2025-05-07,"MAPullbackPeakCondition(5,30,5%)",daily,False,,,,,,,,Invalid Annual Profit (None) for PE; Missing reports for YoY growth; PE is NaN for PE/Growth calc; Rev Growth invalid for PE/Growth calc
002310,2025-05-07,"MAPullbackPeakCondition(5,30,5%)",daily,False,,,,,,,,Invalid Annual Profit (None) for PE; Missing reports for YoY growth; PE is NaN for PE/Growth calc; Rev Growth invalid for PE/Growth calc
002311,2025-05-07,"MAPullbackPeakCondition(5,30,5%)",daily,False,,,,,,,,Invalid Annual Profit (None) for PE; Missing reports for YoY growth; PE is NaN for PE/Growth calc; Rev Growth invalid for PE/Growth calc
002317,2025-05-07,"MAPullbackPeakCondition(5,30,5%)",daily,False,,,,,,,,Invalid Annual Profit (None) for PE; Missing reports for YoY growth; PE is NaN for PE/Growth calc; Rev Growth invalid for PE/Growth calc
002318,2025-05-07,"MAPullbackPeakCondition(5,30,5%)",daily,False,,,,,,,,Invalid Annual Profit (None) for PE; Missing reports for YoY growth; PE is NaN for PE/Growth calc; Rev Growth invalid for PE/Growth calc
002352,2025-05-07,"MAPullbackPeakCondition(5,30,5%)",daily,False,,,,,,,,Invalid Annual Profit (None) for PE; Missing reports for YoY growth; PE is NaN for PE/Growth calc; Rev Growth invalid for PE/Growth calc
002371,2025-05-07,"MAPullbackPeakCondition(5,30,5%)",daily,False,,,,,,,,Invalid Annual Profit (None) for PE; Missing reports for YoY growth; PE is NaN for PE/Growth calc; Rev Growth invalid for PE/Growth calc
002410,2025-05-07,"MAPullbackPeakCondition(5,30,5%)",daily,False,,,,,,,,Invalid Annual Profit (None) for PE; Missing reports for YoY growth; PE is NaN for PE/Growth calc; Rev Growth invalid for PE/Growth calc
002419,2025-05-07,"MAPullbackPeakCondition(5,30,5%)",daily,False,,,,,,,,Invalid Annual Profit (None) for PE; Missing reports for YoY growth; PE is NaN for PE/Growth calc; Rev Growth invalid for PE/Growth calc
002422,2025-05-07,"MAPullbackPeakCondition(5,30,5%)",daily,False,,,,,,,,Invalid Annual Profit (None) for PE; Missing reports for YoY growth; PE is NaN for PE/Growth calc; Rev Growth invalid for PE/Growth calc
002461,2025-05-07,"MAPullbackPeakCondition(5,30,5%)",daily,False,,,,,,,,Invalid Annual Profit (None) for PE; Missing reports for YoY growth; PE is NaN for PE/Growth calc; Rev Growth invalid for PE/Growth calc
002492,2025-05-07,"MAPullbackPeakCondition(5,30,5%)",daily,False,,,,,,,,Invalid Annual Profit (None) for PE; Missing reports for YoY growth; PE is NaN for PE/Growth calc; Rev Growth invalid for PE/Growth calc
002545,2025-05-07,"MAPullbackPeakCondition(5,30,5%)",daily,False,,,,,,,,Invalid Annual Profit (None) for PE; Missing reports for YoY growth; PE is NaN for PE/Growth calc; Rev Growth invalid for PE/Growth calc
002550,2025-05-07,"MAPullbackPeakCondition(5,30,5%)",daily,False,,,,,,,,Invalid Annual Profit (None) for PE; Missing reports for YoY growth; PE is NaN for PE/Growth calc; Rev Growth invalid for PE/Growth calc
002556,2025-05-07,"MAPullbackPeakCondition(5,30,5%)",daily,False,,,,,,,,Invalid Annual Profit (None) for PE; Missing reports for YoY growth; PE is NaN for PE/Growth calc; Rev Growth invalid for PE/Growth calc
002586,2025-05-07,"MAPullbackPeakCondition(5,30,5%)",daily,False,,,,,,,,Invalid Annual Profit (None) for PE; Missing reports for YoY growth; PE is NaN for PE/Growth calc; Rev Growth invalid for PE/Growth calc
002595,2025-05-07,"MAPullbackPeakCondition(5,30,5%)",daily,False,,,,,,,,Invalid Annual Profit (None) for PE; Missing reports for YoY growth; PE is NaN for PE/Growth calc; Rev Growth invalid for PE/Growth calc
002637,2025-05-07,"MAPullbackPeakCondition(5,30,5%)",daily,False,,,,,,,,Invalid Annual Profit (None) for PE; Missing reports for YoY growth; PE is NaN for PE/Growth calc; Rev Growth invalid for PE/Growth calc
002656,2025-05-07,"MAPullbackPeakCondition(5,30,5%)",daily,False,,,,,,,,Invalid Annual Profit (None) for PE; Missing reports for YoY growth; PE is NaN for PE/Growth calc; Rev Growth invalid for PE/Growth calc
002661,2025-05-07,"MAPullbackPeakCondition(5,30,5%)",daily,False,,,,,,,,Invalid Annual Profit (None) for PE; Missing reports for YoY growth; PE is NaN for PE/Growth calc; Rev Growth invalid for PE/Growth calc
002667,2025-05-07,"MAPullbackPeakCondition(5,30,5%)",daily,False,,,,,,,,Invalid Annual Profit (None) for PE; Missing reports for YoY growth; PE is NaN for PE/Growth calc; Rev Growth invalid for PE/Growth calc
002688,2025-05-07,"MAPullbackPeakCondition(5,30,5%)",daily,False,,,,,,,,Invalid Annual Profit (None) for PE; Missing reports for YoY growth; PE is NaN for PE/Growth calc; Rev Growth invalid for PE/Growth calc
002690,2025-05-07,"MAPullbackPeakCondition(5,30,5%)",daily,False,,,,,,,,Invalid Annual Profit (None) for PE; Missing reports for YoY growth; PE is NaN for PE/Growth calc; Rev Growth invalid for PE/Growth calc
002701,2025-05-07,"MAPullbackPeakCondition(5,30,5%)",daily,False,,,,,,,,Invalid Annual Profit (None) for PE; Missing reports for YoY growth; PE is NaN for PE/Growth calc; Rev Growth invalid for PE/Growth calc
002721,2025-05-07,"MAPullbackPeakCondition(5,30,5%)",daily,False,,,,,,,,Invalid Annual Profit (None) for PE; Missing reports for YoY growth; PE is NaN for PE/Growth calc; Rev Growth invalid for PE/Growth calc
002736,2025-05-07,"MAPullbackPeakCondition(5,30,5%)",daily,False,,,,,,,,Invalid Annual Profit (None) for PE; Missing reports for YoY growth; PE is NaN for PE/Growth calc; Rev Growth invalid for PE/Growth calc
002772,2025-05-07,"MAPullbackPeakCondition(5,30,5%)",daily,False,,,,,,,,Invalid Annual Profit (None) for PE; Missing reports for YoY growth; PE is NaN for PE/Growth calc; Rev Growth invalid for PE/Growth calc
002773,2025-05-07,"MAPullbackPeakCondition(5,30,5%)",daily,False,,,,,,,,Invalid Annual Profit (None) for PE; Missing reports for YoY growth; PE is NaN for PE/Growth calc; Rev Growth invalid for PE/Growth calc
002802,2025-05-07,"MAPullbackPeakCondition(5,30,5%)",daily,False,,,,,,,,Invalid Annual Profit (None) for PE; Missing reports for YoY growth; PE is NaN for PE/Growth calc; Rev Growth invalid for PE/Growth calc
002839,2025-05-07,"MAPullbackPeakCondition(5,30,5%)",daily,False,,,,,,,,Invalid Annual Profit (None) for PE; Missing reports for YoY growth; PE is NaN for PE/Growth calc; Rev Growth invalid for PE/Growth calc
002946,2025-05-07,"MAPullbackPeakCondition(5,30,5%)",daily,False,,,,,,,,Invalid Annual Profit (None) for PE; Missing reports for YoY growth; PE is NaN for PE/Growth calc; Rev Growth invalid for PE/Growth calc
002958,2025-05-07,"MAPullbackPeakCondition(5,30,5%)",daily,False,,,,,,,,Invalid Annual Profit (None) for PE; Missing reports for YoY growth; PE is NaN for PE/Growth calc; Rev Growth invalid for PE/Growth calc
002959,2025-05-07,"MAPullbackPeakCondition(5,30,5%)",daily,False,,,,,,,,Invalid Annual Profit (None) for PE; Missing reports for YoY growth; PE is NaN for PE/Growth calc; Rev Growth invalid for PE/Growth calc
002998,2025-05-07,"MAPullbackPeakCondition(5,30,5%)",daily,False,,,,,,,,Invalid Annual Profit (None) for PE; Missing reports for YoY growth; PE is NaN for PE/Growth calc; Rev Growth invalid for PE/Growth calc
003010,2025-05-07,"MAPullbackPeakCondition(5,30,5%)",daily,False,,,,,,,,Invalid Annual Profit (None) for PE; Missing reports for YoY growth; PE is NaN for PE/Growth calc; Rev Growth invalid for PE/Growth calc
003023,2025-05-07,"MAPullbackPeakCondition(5,30,5%)",daily,False,,,,,,,,Invalid Annual Profit (None) for PE; Missing reports for YoY growth; PE is NaN for PE/Growth calc; Rev Growth invalid for PE/Growth calc
003035,2025-05-07,"MAPullbackPeakCondition(5,30,5%)",daily,False,,,,,,,,Invalid Annual Profit (None) for PE; Missing reports for YoY growth; PE is NaN for PE/Growth calc; Rev Growth invalid for PE/Growth calc
003039,2025-05-07,"MAPullbackPeakCondition(5,30,5%)",daily,False,,,,,,,,Invalid Annual Profit (None) for PE; Missing reports for YoY growth; PE is NaN for PE/Growth calc; Rev Growth invalid for PE/Growth calc
003043,2025-05-07,"MAPullbackPeakCondition(5,30,5%)",daily,False,,,,,,,,Invalid Annual Profit (None) for PE; Missing reports for YoY growth; PE is NaN for PE/Growth calc; Rev Growth invalid for PE/Growth calc
300020,2025-05-07,"MAPullbackPeakCondition(5,30,5%)",daily,False,,,,,,,,Invalid Annual Profit (None) for PE; Missing reports for YoY growth; PE is NaN for PE/Growth calc; Rev Growth invalid for PE/Growth calc
300054,2025-05-07,"MAPullbackPeakCondition(5,30,5%)",daily,False,,,,,,,,Invalid Annual Profit (None) for PE; Missing reports for YoY growth; PE is NaN for PE/Growth calc; Rev Growth invalid for PE/Growth calc
300167,2025-05-07,"MAPullbackPeakCondition(5,30,5%)",daily,False,,,,,,,,Invalid Annual Profit (None) for PE; Missing reports for YoY growth; PE is NaN for PE/Growth calc; Rev Growth invalid for PE/Growth calc
300180,2025-05-07,"MAPullbackPeakCondition(5,30,5%)",daily,False,,,,,,,,Invalid Annual Profit (None) for PE; Missing reports for YoY growth; PE is NaN for PE/Growth calc; Rev Growth invalid for PE/Growth calc
300203,2025-05-07,"MAPullbackPeakCondition(5,30,5%)",daily,False,,,,,,,,Invalid Annual Profit (None) for PE; Missing reports for YoY growth; PE is NaN for PE/Growth calc; Rev Growth invalid for PE/Growth calc
300350,2025-05-07,"MAPullbackPeakCondition(5,30,5%)",daily,False,,,,,,,,Invalid Annual Profit (None) for PE; Missing reports for YoY growth; PE is NaN for PE/Growth calc; Rev Growth invalid for PE/Growth calc
300373,2025-05-07,"MAPullbackPeakCondition(5,30,5%)",daily,False,,,,,,,,Invalid Annual Profit (None) for PE; Missing reports for YoY growth; PE is NaN for PE/Growth calc; Rev Growth invalid for PE/Growth calc
300452,2025-05-07,"MAPullbackPeakCondition(5,30,5%)",daily,False,,,,,,,,Invalid Annual Profit (None) for PE; Missing reports for YoY growth; PE is NaN for PE/Growth calc; Rev Growth invalid for PE/Growth calc
300519,2025-05-07,"MAPullbackPeakCondition(5,30,5%)",daily,False,,,,,,,,Invalid Annual Profit (None) for PE; Missing reports for YoY growth; PE is NaN for PE/Growth calc; Rev Growth invalid for PE/Growth calc
300633,2025-05-07,"MAPullbackPeakCondition(5,30,5%)",daily,False,,,,,,,,Invalid Annual Profit (None) for PE; Missing reports for YoY growth; PE is NaN for PE/Growth calc; Rev Growth invalid for PE/Growth calc
300715,2025-05-07,"MAPullbackPeakCondition(5,30,5%)",daily,False,,,,,,,,Invalid Annual Profit (None) for PE; Missing reports for YoY growth; PE is NaN for PE/Growth calc; Rev Growth invalid for PE/Growth calc
300763,2025-05-07,"MAPullbackPeakCondition(5,30,5%)",daily,False,,,,,,,,Invalid Annual Profit (None) for PE; Missing reports for YoY growth; PE is NaN for PE/Growth calc; Rev Growth invalid for PE/Growth calc
300910,2025-05-07,"MAPullbackPeakCondition(5,30,5%)",daily,False,,,,,,,,Invalid Annual Profit (None) for PE; Missing reports for YoY growth; PE is NaN for PE/Growth calc; Rev Growth invalid for PE/Growth calc
300970,2025-05-07,"MAPullbackPeakCondition(5,30,5%)",daily,False,,,,,,,,Invalid Annual Profit (None) for PE; Missing reports for YoY growth; PE is NaN for PE/Growth calc; Rev Growth invalid for PE/Growth calc
300973,2025-05-07,"MAPullbackPeakCondition(5,30,5%)",daily,False,,,,,,,,Invalid Annual Profit (None) for PE; Missing reports for YoY growth; PE is NaN for PE/Growth calc; Rev Growth invalid for PE/Growth calc
301070,2025-05-07,"MAPullbackPeakCondition(5,30,5%)",daily,False,,,,,,,,Invalid Annual Profit (None) for PE; Missing reports for YoY growth; PE is NaN for PE/Growth calc; Rev Growth invalid for PE/Growth calc
301269,2025-05-07,"MAPullbackPeakCondition(5,30,5%)",daily,False,,,,,,,,Invalid Annual Profit (None) for PE; Missing reports for YoY growth; PE is NaN for PE/Growth calc; Rev Growth invalid for PE/Growth calc
600008,2025-05-07,"MAPullbackPeakCondition(5,30,5%)",daily,False,,,,,,,,Invalid Annual Profit (None) for PE; Missing reports for YoY growth; PE is NaN for PE/Growth calc; Rev Growth invalid for PE/Growth calc
600011,2025-05-07,"MAPullbackPeakCondition(5,30,5%)",daily,False,,,,,,,,Invalid Annual Profit (None) for PE; Missing reports for YoY growth; PE is NaN for PE/Growth calc; Rev Growth invalid for PE/Growth calc
600012,2025-05-07,"MAPullbackPeakCondition(5,30,5%)",daily,False,,,,,,,,Invalid Annual Profit (None) for PE; Missing reports for YoY growth; PE is NaN for PE/Growth calc; Rev Growth invalid for PE/Growth calc
600027,2025-05-07,"MAPullbackPeakCondition(5,30,5%)",daily,False,,,,,,,,Invalid Annual Profit (None) for PE; Missing reports for YoY growth; PE is NaN for PE/Growth calc; Rev Growth invalid for PE/Growth calc
600035,2025-05-07,"MAPullbackPeakCondition(5,30,5%)",daily,False,,,,,,,,Invalid Annual Profit (None) for PE; Missing reports for YoY growth; PE is NaN for PE/Growth calc; Rev Growth invalid for PE/Growth calc
600055,2025-05-07,"MAPullbackPeakCondition(5,30,5%)",daily,False,,,,,,,,Invalid Annual Profit (None) for PE; Missing reports for YoY growth; PE is NaN for PE/Growth calc; Rev Growth invalid for PE/Growth calc
600059,2025-05-07,"MAPullbackPeakCondition(5,30,5%)",daily,False,,,,,,,,Invalid Annual Profit (None) for PE; Missing reports for YoY growth; PE is NaN for PE/Growth calc; Rev Growth invalid for PE/Growth calc
600063,2025-05-07,"MAPullbackPeakCondition(5,30,5%)",daily,False,,,,,,,,Invalid Annual Profit (None) for PE; Missing reports for YoY growth; PE is NaN for PE/Growth calc; Rev Growth invalid for PE/Growth calc
600066,2025-05-07,"MAPullbackPeakCondition(5,30,5%)",daily,False,,,,,,,,Invalid Annual Profit (None) for PE; Missing reports for YoY growth; PE is NaN for PE/Growth calc; Rev Growth invalid for PE/Growth calc
600079,2025-05-07,"MAPullbackPeakCondition(5,30,5%)",daily,False,,,,,,,,Invalid Annual Profit (None) for PE; Missing reports for YoY growth; PE is NaN for PE/Growth calc; Rev Growth invalid for PE/Growth calc
600095,2025-05-07,"MAPullbackPeakCondition(5,30,5%)",daily,False,,,,,,,,Invalid Annual Profit (None) for PE; Missing reports for YoY growth; PE is NaN for PE/Growth calc; Rev Growth invalid for PE/Growth calc
600096,2025-05-07,"MAPullbackPeakCondition(5,30,5%)",daily,False,,,,,,,,Invalid Annual Profit (None) for PE; Missing reports for YoY growth; PE is NaN for PE/Growth calc; Rev Growth invalid for PE/Growth calc
600098,2025-05-07,"MAPullbackPeakCondition(5,30,5%)",daily,False,,,,,,,,Invalid Annual Profit (None) for PE; Missing reports for YoY growth; PE is NaN for PE/Growth calc; Rev Growth invalid for PE/Growth calc
600111,2025-05-07,"MAPullbackPeakCondition(5,30,5%)",daily,False,,,,,,,,Invalid Annual Profit (None) for PE; Missing reports for YoY growth; PE is NaN for PE/Growth calc; Rev Growth invalid for PE/Growth calc
600113,2025-05-07,"MAPullbackPeakCondition(5,30,5%)",daily,False,,,,,,,,Invalid Annual Profit (None) for PE; Missing reports for YoY growth; PE is NaN for PE/Growth calc; Rev Growth invalid for PE/Growth calc
600115,2025-05-07,"MAPullbackPeakCondition(5,30,5%)",daily,False,,,,,,,,Invalid Annual Profit (None) for PE; Missing reports for YoY growth; PE is NaN for PE/Growth calc; Rev Growth invalid for PE/Growth calc
600116,2025-05-07,"MAPullbackPeakCondition(5,30,5%)",daily,False,,,,,,,,Invalid Annual Profit (None) for PE; Missing reports for YoY growth; PE is NaN for PE/Growth calc; Rev Growth invalid for PE/Growth calc
600119,2025-05-07,"MAPullbackPeakCondition(5,30,5%)",daily,False,,,,,,,,Invalid Annual Profit (None) for PE; Missing reports for YoY growth; PE is NaN for PE/Growth calc; Rev Growth invalid for PE/Growth calc
600153,2025-05-07,"MAPullbackPeakCondition(5,30,5%)",daily,False,,,,,,,,Invalid Annual Profit (None) for PE; Missing reports for YoY growth; PE is NaN for PE/Growth calc; Rev Growth invalid for PE/Growth calc
600165,2025-05-07,"MAPullbackPeakCondition(5,30,5%)",daily,False,,,,,,,,Invalid Annual Profit (None) for PE; Missing reports for YoY growth; PE is NaN for PE/Growth calc; Rev Growth invalid for PE/Growth calc
600167,2025-05-07,"MAPullbackPeakCondition(5,30,5%)",daily,False,,,,,,,,Invalid Annual Profit (None) for PE; Missing reports for YoY growth; PE is NaN for PE/Growth calc; Rev Growth invalid for PE/Growth calc
600179,2025-05-07,"MAPullbackPeakCondition(5,30,5%)",daily,False,,,,,,,,Invalid Annual Profit (None) for PE; Missing reports for YoY growth; PE is NaN for PE/Growth calc; Rev Growth invalid for PE/Growth calc
600226,2025-05-07,"MAPullbackPeakCondition(5,30,5%)",daily,False,,,,,,,,Invalid Annual Profit (None) for PE; Missing reports for YoY growth; PE is NaN for PE/Growth calc; Rev Growth invalid for PE/Growth calc
600251,2025-05-07,"MAPullbackPeakCondition(5,30,5%)",daily,False,,,,,,,,Invalid Annual Profit (None) for PE; Missing reports for YoY growth; PE is NaN for PE/Growth calc; Rev Growth invalid for PE/Growth calc
600252,2025-05-07,"MAPullbackPeakCondition(5,30,5%)",daily,False,,,,,,,,Invalid Annual Profit (None) for PE; Missing reports for YoY growth; PE is NaN for PE/Growth calc; Rev Growth invalid for PE/Growth calc
600258,2025-05-07,"MAPullbackPeakCondition(5,30,5%)",daily,False,,,,,,,,Invalid Annual Profit (None) for PE; Missing reports for YoY growth; PE is NaN for PE/Growth calc; Rev Growth invalid for PE/Growth calc
600273,2025-05-07,"MAPullbackPeakCondition(5,30,5%)",daily,False,,,,,,,,Invalid Annual Profit (None) for PE; Missing reports for YoY growth; PE is NaN for PE/Growth calc; Rev Growth invalid for PE/Growth calc
600279,2025-05-07,"MAPullbackPeakCondition(5,30,5%)",daily,False,,,,,,,,Invalid Annual Profit (None) for PE; Missing reports for YoY growth; PE is NaN for PE/Growth calc; Rev Growth invalid for PE/Growth calc
600283,2025-05-07,"MAPullbackPeakCondition(5,30,5%)",daily,False,,,,,,,,Invalid Annual Profit (None) for PE; Missing reports for YoY growth; PE is NaN for PE/Growth calc; Rev Growth invalid for PE/Growth calc
600285,2025-05-07,"MAPullbackPeakCondition(5,30,5%)",daily,False,,,,,,,,Invalid Annual Profit (None) for PE; Missing reports for YoY growth; PE is NaN for PE/Growth calc; Rev Growth invalid for PE/Growth calc
600298,2025-05-07,"MAPullbackPeakCondition(5,30,5%)",daily,False,,,,,,,,Invalid Annual Profit (None) for PE; Missing reports for YoY growth; PE is NaN for PE/Growth calc; Rev Growth invalid for PE/Growth calc
600305,2025-05-07,"MAPullbackPeakCondition(5,30,5%)",daily,False,,,,,,,,Invalid Annual Profit (None) for PE; Missing reports for YoY growth; PE is NaN for PE/Growth calc; Rev Growth invalid for PE/Growth calc
600350,2025-05-07,"MAPullbackPeakCondition(5,30,5%)",daily,False,,,,,,,,Invalid Annual Profit (None) for PE; Missing reports for YoY growth; PE is NaN for PE/Growth calc; Rev Growth invalid for PE/Growth calc
600352,2025-05-07,"MAPullbackPeakCondition(5,30,5%)",daily,False,,,,,,,,Invalid Annual Profit (None) for PE; Missing reports for YoY growth; PE is NaN for PE/Growth calc; Rev Growth invalid for PE/Growth calc
600415,2025-05-07,"MAPullbackPeakCondition(5,30,5%)",daily,False,,,,,,,,Invalid Annual Profit (None) for PE; Missing reports for YoY growth; PE is NaN for PE/Growth calc; Rev Growth invalid for PE/Growth calc
600418,2025-05-07,"MAPullbackPeakCondition(5,30,5%)",daily,False,,,,,,,,Invalid Annual Profit (None) for PE; Missing reports for YoY growth; PE is NaN for PE/Growth calc; Rev Growth invalid for PE/Growth calc
600496,2025-05-07,"MAPullbackPeakCondition(5,30,5%)",daily,False,,,,,,,,Invalid Annual Profit (None) for PE; Missing reports for YoY growth; PE is NaN for PE/Growth calc; Rev Growth invalid for PE/Growth calc
600535,2025-05-07,"MAPullbackPeakCondition(5,30,5%)",daily,False,,,,,,,,Invalid Annual Profit (None) for PE; Missing reports for YoY growth; PE is NaN for PE/Growth calc; Rev Growth invalid for PE/Growth calc
600567,2025-05-07,"MAPullbackPeakCondition(5,30,5%)",daily,False,,,,,,,,Invalid Annual Profit (None) for PE; Missing reports for YoY growth; PE is NaN for PE/Growth calc; Rev Growth invalid for PE/Growth calc
600569,2025-05-07,"MAPullbackPeakCondition(5,30,5%)",daily,False,,,,,,,,Invalid Annual Profit (None) for PE; Missing reports for YoY growth; PE is NaN for PE/Growth calc; Rev Growth invalid for PE/Growth calc
600571,2025-05-07,"MAPullbackPeakCondition(5,30,5%)",daily,False,,,,,,,,Invalid Annual Profit (None) for PE; Missing reports for YoY growth; PE is NaN for PE/Growth calc; Rev Growth invalid for PE/Growth calc
600573,2025-05-07,"MAPullbackPeakCondition(5,30,5%)",daily,False,,,,,,,,Invalid Annual Profit (None) for PE; Missing reports for YoY growth; PE is NaN for PE/Growth calc; Rev Growth invalid for PE/Growth calc
600576,2025-05-07,"MAPullbackPeakCondition(5,30,5%)",daily,False,,,,,,,,Invalid Annual Profit (None) for PE; Missing reports for YoY growth; PE is NaN for PE/Growth calc; Rev Growth invalid for PE/Growth calc
600663,2025-05-07,"MAPullbackPeakCondition(5,30,5%)",daily,False,,,,,,,,Invalid Annual Profit (None) for PE; Missing reports for YoY growth; PE is NaN for PE/Growth calc; Rev Growth invalid for PE/Growth calc
600681,2025-05-07,"MAPullbackPeakCondition(5,30,5%)",daily,False,,,,,,,,Invalid Annual Profit (None) for PE; Missing reports for YoY growth; PE is NaN for PE/Growth calc; Rev Growth invalid for PE/Growth calc
600684,2025-05-07,"MAPullbackPeakCondition(5,30,5%)",daily,False,,,,,,,,Invalid Annual Profit (None) for PE; Missing reports for YoY growth; PE is NaN for PE/Growth calc; Rev Growth invalid for PE/Growth calc
600685,2025-05-07,"MAPullbackPeakCondition(5,30,5%)",daily,False,,,,,,,,Invalid Annual Profit (None) for PE; Missing reports for YoY growth; PE is NaN for PE/Growth calc; Rev Growth invalid for PE/Growth calc
600694,2025-05-07,"MAPullbackPeakCondition(5,30,5%)",daily,False,,,,,,,,Invalid Annual Profit (None) for PE; Missing reports for YoY growth; PE is NaN for PE/Growth calc; Rev Growth invalid for PE/Growth calc
600713,2025-05-07,"MAPullbackPeakCondition(5,30,5%)",daily,False,,,,,,,,Invalid Annual Profit (None) for PE; Missing reports for YoY growth; PE is NaN for PE/Growth calc; Rev Growth invalid for PE/Growth calc
600731,2025-05-07,"MAPullbackPeakCondition(5,30,5%)",daily,False,,,,,,,,Invalid Annual Profit (None) for PE; Missing reports for YoY growth; PE is NaN for PE/Growth calc; Rev Growth invalid for PE/Growth calc
600780,2025-05-07,"MAPullbackPeakCondition(5,30,5%)",daily,False,,,,,,,,Invalid Annual Profit (None) for PE; Missing reports for YoY growth; PE is NaN for PE/Growth calc; Rev Growth invalid for PE/Growth calc
600785,2025-05-07,"MAPullbackPeakCondition(5,30,5%)",daily,False,,,,,,,,Invalid Annual Profit (None) for PE; Missing reports for YoY growth; PE is NaN for PE/Growth calc; Rev Growth invalid for PE/Growth calc
600790,2025-05-07,"MAPullbackPeakCondition(5,30,5%)",daily,False,,,,,,,,Invalid Annual Profit (None) for PE; Missing reports for YoY growth; PE is NaN for PE/Growth calc; Rev Growth invalid for PE/Growth calc
600803,2025-05-07,"MAPullbackPeakCondition(5,30,5%)",daily,False,,,,,,,,Invalid Annual Profit (None) for PE; Missing reports for YoY growth; PE is NaN for PE/Growth calc; Rev Growth invalid for PE/Growth calc
600863,2025-05-07,"MAPullbackPeakCondition(5,30,5%)",daily,False,,,,,,,,Invalid Annual Profit (None) for PE; Missing reports for YoY growth; PE is NaN for PE/Growth calc; Rev Growth invalid for PE/Growth calc
600873,2025-05-07,"MAPullbackPeakCondition(5,30,5%)",daily,False,,,,,,,,Invalid Annual Profit (None) for PE; Missing reports for YoY growth; PE is NaN for PE/Growth calc; Rev Growth invalid for PE/Growth calc
600882,2025-05-07,"MAPullbackPeakCondition(5,30,5%)",daily,False,,,,,,,,Invalid Annual Profit (None) for PE; Missing reports for YoY growth; PE is NaN for PE/Growth calc; Rev Growth invalid for PE/Growth calc
600883,2025-05-07,"MAPullbackPeakCondition(5,30,5%)",daily,False,,,,,,,,Invalid Annual Profit (None) for PE; Missing reports for YoY growth; PE is NaN for PE/Growth calc; Rev Growth invalid for PE/Growth calc
600887,2025-05-07,"MAPullbackPeakCondition(5,30,5%)",daily,False,,,,,,,,Invalid Annual Profit (None) for PE; Missing reports for YoY growth; PE is NaN for PE/Growth calc; Rev Growth invalid for PE/Growth calc
600901,2025-05-07,"MAPullbackPeakCondition(5,30,5%)",daily,False,,,,,,,,Invalid Annual Profit (None) for PE; Missing reports for YoY growth; PE is NaN for PE/Growth calc; Rev Growth invalid for PE/Growth calc
600905,2025-05-07,"MAPullbackPeakCondition(5,30,5%)",daily,False,,,,,,,,Invalid Annual Profit (None) for PE; Missing reports for YoY growth; PE is NaN for PE/Growth calc; Rev Growth invalid for PE/Growth calc
600926,2025-05-07,"MAPullbackPeakCondition(5,30,5%)",daily,False,,,,,,,,Invalid Annual Profit (None) for PE; Missing reports for YoY growth; PE is NaN for PE/Growth calc; Rev Growth invalid for PE/Growth calc
600936,2025-05-07,"MAPullbackPeakCondition(5,30,5%)",daily,False,,,,,,,,Invalid Annual Profit (None) for PE; Missing reports for YoY growth; PE is NaN for PE/Growth calc; Rev Growth invalid for PE/Growth calc
600941,2025-05-07,"MAPullbackPeakCondition(5,30,5%)",daily,False,,,,,,,,Invalid Annual Profit (None) for PE; Missing reports for YoY growth; PE is NaN for PE/Growth calc; Rev Growth invalid for PE/Growth calc
600956,2025-05-07,"MAPullbackPeakCondition(5,30,5%)",daily,False,,,,,,,,Invalid Annual Profit (None) for PE; Missing reports for YoY growth; PE is NaN for PE/Growth calc; Rev Growth invalid for PE/Growth calc
600961,2025-05-07,"MAPullbackPeakCondition(5,30,5%)",daily,False,,,,,,,,Invalid Annual Profit (None) for PE; Missing reports for YoY growth; PE is NaN for PE/Growth calc; Rev Growth invalid for PE/Growth calc
600968,2025-05-07,"MAPullbackPeakCondition(5,30,5%)",daily,False,,,,,,,,Invalid Annual Profit (None) for PE; Missing reports for YoY growth; PE is NaN for PE/Growth calc; Rev Growth invalid for PE/Growth calc
600987,2025-05-07,"MAPullbackPeakCondition(5,30,5%)",daily,False,,,,,,,,Invalid Annual Profit (None) for PE; Missing reports for YoY growth; PE is NaN for PE/Growth calc; Rev Growth invalid for PE/Growth calc
600993,2025-05-07,"MAPullbackPeakCondition(5,30,5%)",daily,False,,,,,,,,Invalid Annual Profit (None) for PE; Missing reports for YoY growth; PE is NaN for PE/Growth calc; Rev Growth invalid for PE/Growth calc
600995,2025-05-07,"MAPullbackPeakCondition(5,30,5%)",daily,False,,,,,,,,Invalid Annual Profit (None) for PE; Missing reports for YoY growth; PE is NaN for PE/Growth calc; Rev Growth invalid for PE/Growth calc
601019,2025-05-07,"MAPullbackPeakCondition(5,30,5%)",daily,False,,,,,,,,Invalid Annual Profit (None) for PE; Missing reports for YoY growth; PE is NaN for PE/Growth calc; Rev Growth invalid for PE/Growth calc
601021,2025-05-07,"MAPullbackPeakCondition(5,30,5%)",daily,False,,,,,,,,Invalid Annual Profit (None) for PE; Missing reports for YoY growth; PE is NaN for PE/Growth calc; Rev Growth invalid for PE/Growth calc
601061,2025-05-07,"MAPullbackPeakCondition(5,30,5%)",daily,False,,,,,,,,Invalid Annual Profit (None) for PE; Missing reports for YoY growth; PE is NaN for PE/Growth calc; Rev Growth invalid for PE/Growth calc
601069,2025-05-07,"MAPullbackPeakCondition(5,30,5%)",daily,False,,,,,,,,Invalid Annual Profit (None) for PE; Missing reports for YoY growth; PE is NaN for PE/Growth calc; Rev Growth invalid for PE/Growth calc
601117,2025-05-07,"MAPullbackPeakCondition(5,30,5%)",daily,False,,,,,,,,Invalid Annual Profit (None) for PE; Missing reports for YoY growth; PE is NaN for PE/Growth calc; Rev Growth invalid for PE/Growth calc
601127,2025-05-07,"MAPullbackPeakCondition(5,30,5%)",daily,False,,,,,,,,Invalid Annual Profit (None) for PE; Missing reports for YoY growth; PE is NaN for PE/Growth calc; Rev Growth invalid for PE/Growth calc
601128,2025-05-07,"MAPullbackPeakCondition(5,30,5%)",daily,False,,,,,,,,Invalid Annual Profit (None) for PE; Missing reports for YoY growth; PE is NaN for PE/Growth calc; Rev Growth invalid for PE/Growth calc
601155,2025-05-07,"MAPullbackPeakCondition(5,30,5%)",daily,False,,,,,,,,Invalid Annual Profit (None) for PE; Missing reports for YoY growth; PE is NaN for PE/Growth calc; Rev Growth invalid for PE/Growth calc
601288,2025-05-07,"MAPullbackPeakCondition(5,30,5%)",daily,False,,,,,,,,Invalid Annual Profit (None) for PE; Missing reports for YoY growth; PE is NaN for PE/Growth calc; Rev Growth invalid for PE/Growth calc
601328,2025-05-07,"MAPullbackPeakCondition(5,30,5%)",daily,False,,,,,,,,Invalid Annual Profit (None) for PE; Missing reports for YoY growth; PE is NaN for PE/Growth calc; Rev Growth invalid for PE/Growth calc
601330,2025-05-07,"MAPullbackPeakCondition(5,30,5%)",daily,False,,,,,,,,Invalid Annual Profit (None) for PE; Missing reports for YoY growth; PE is NaN for PE/Growth calc; Rev Growth invalid for PE/Growth calc
601398,2025-05-07,"MAPullbackPeakCondition(5,30,5%)",daily,False,,,,,,,,Invalid Annual Profit (None) for PE; Missing reports for YoY growth; PE is NaN for PE/Growth calc; Rev Growth invalid for PE/Growth calc
601566,2025-05-07,"MAPullbackPeakCondition(5,30,5%)",daily,False,,,,,,,,Invalid Annual Profit (None) for PE; Missing reports for YoY growth; PE is NaN for PE/Growth calc; Rev Growth invalid for PE/Growth calc
601568,2025-05-07,"MAPullbackPeakCondition(5,30,5%)",daily,False,,,,,,,,Invalid Annual Profit (None) for PE; Missing reports for YoY growth; PE is NaN for PE/Growth calc; Rev Growth invalid for PE/Growth calc
601665,2025-05-07,"MAPullbackPeakCondition(5,30,5%)",daily,False,,,,,,,,Invalid Annual Profit (None) for PE; Missing reports for YoY growth; PE is NaN for PE/Growth calc; Rev Growth invalid for PE/Growth calc
601668,2025-05-07,"MAPullbackPeakCondition(5,30,5%)",daily,False,,,,,,,,Invalid Annual Profit (None) for PE; Missing reports for YoY growth; PE is NaN for PE/Growth calc; Rev Growth invalid for PE/Growth calc
601801,2025-05-07,"MAPullbackPeakCondition(5,30,5%)",daily,False,,,,,,,,Invalid Annual Profit (None) for PE; Missing reports for YoY growth; PE is NaN for PE/Growth calc; Rev Growth invalid for PE/Growth calc
601811,2025-05-07,"MAPullbackPeakCondition(5,30,5%)",daily,False,,,,,,,,Invalid Annual Profit (None) for PE; Missing reports for YoY growth; PE is NaN for PE/Growth calc; Rev Growth invalid for PE/Growth calc
601816,2025-05-07,"MAPullbackPeakCondition(5,30,5%)",daily,False,,,,,,,,Invalid Annual Profit (None) for PE; Missing reports for YoY growth; PE is NaN for PE/Growth calc; Rev Growth invalid for PE/Growth calc
601825,2025-05-07,"MAPullbackPeakCondition(5,30,5%)",daily,False,,,,,,,,Invalid Annual Profit (None) for PE; Missing reports for YoY growth; PE is NaN for PE/Growth calc; Rev Growth invalid for PE/Growth calc
601857,2025-05-07,"MAPullbackPeakCondition(5,30,5%)",daily,False,,,,,,,,Invalid Annual Profit (None) for PE; Missing reports for YoY growth; PE is NaN for PE/Growth calc; Rev Growth invalid for PE/Growth calc
601916,2025-05-07,"MAPullbackPeakCondition(5,30,5%)",daily,False,,,,,,,,Invalid Annual Profit (None) for PE; Missing reports for YoY growth; PE is NaN for PE/Growth calc; Rev Growth invalid for PE/Growth calc
601919,2025-05-07,"MAPullbackPeakCondition(5,30,5%)",daily,False,,,,,,,,Invalid Annual Profit (None) for PE; Missing reports for YoY growth; PE is NaN for PE/Growth calc; Rev Growth invalid for PE/Growth calc
601928,2025-05-07,"MAPullbackPeakCondition(5,30,5%)",daily,False,,,,,,,,Invalid Annual Profit (None) for PE; Missing reports for YoY growth; PE is NaN for PE/Growth calc; Rev Growth invalid for PE/Growth calc
601939,2025-05-07,"MAPullbackPeakCondition(5,30,5%)",daily,False,,,,,,,,Invalid Annual Profit (None) for PE; Missing reports for YoY growth; PE is NaN for PE/Growth calc; Rev Growth invalid for PE/Growth calc
601988,2025-05-07,"MAPullbackPeakCondition(5,30,5%)",daily,False,,,,,,,,Invalid Annual Profit (None) for PE; Missing reports for YoY growth; PE is NaN for PE/Growth calc; Rev Growth invalid for PE/Growth calc
603022,2025-05-07,"MAPullbackPeakCondition(5,30,5%)",daily,False,,,,,,,,Invalid Annual Profit (None) for PE; Missing reports for YoY growth; PE is NaN for PE/Growth calc; Rev Growth invalid for PE/Growth calc
603053,2025-05-07,"MAPullbackPeakCondition(5,30,5%)",daily,False,,,,,,,,Invalid Annual Profit (None) for PE; Missing reports for YoY growth; PE is NaN for PE/Growth calc; Rev Growth invalid for PE/Growth calc
603057,2025-05-07,"MAPullbackPeakCondition(5,30,5%)",daily,False,,,,,,,,Invalid Annual Profit (None) for PE; Missing reports for YoY growth; PE is NaN for PE/Growth calc; Rev Growth invalid for PE/Growth calc
603062,2025-05-07,"MAPullbackPeakCondition(5,30,5%)",daily,False,,,,,,,,Invalid Annual Profit (None) for PE; Missing reports for YoY growth; PE is NaN for PE/Growth calc; Rev Growth invalid for PE/Growth calc
603102,2025-05-07,"MAPullbackPeakCondition(5,30,5%)",daily,False,,,,,,,,Invalid Annual Profit (None) for PE; Missing reports for YoY growth; PE is NaN for PE/Growth calc; Rev Growth invalid for PE/Growth calc
603117,2025-05-07,"MAPullbackPeakCondition(5,30,5%)",daily,False,,,,,,,,Invalid Annual Profit (None) for PE; Missing reports for YoY growth; PE is NaN for PE/Growth calc; Rev Growth invalid for PE/Growth calc
603128,2025-05-07,"MAPullbackPeakCondition(5,30,5%)",daily,False,,,,,,,,Invalid Annual Profit (None) for PE; Missing reports for YoY growth; PE is NaN for PE/Growth calc; Rev Growth invalid for PE/Growth calc
603139,2025-05-07,"MAPullbackPeakCondition(5,30,5%)",daily,False,,,,,,,,Invalid Annual Profit (None) for PE; Missing reports for YoY growth; PE is NaN for PE/Growth calc; Rev Growth invalid for PE/Growth calc
603167,2025-05-07,"MAPullbackPeakCondition(5,30,5%)",daily,False,,,,,,,,Invalid Annual Profit (None) for PE; Missing reports for YoY growth; PE is NaN for PE/Growth calc; Rev Growth invalid for PE/Growth calc
603227,2025-05-07,"MAPullbackPeakCondition(5,30,5%)",daily,False,,,,,,,,Invalid Annual Profit (None) for PE; Missing reports for YoY growth; PE is NaN for PE/Growth calc; Rev Growth invalid for PE/Growth calc
603231,2025-05-07,"MAPullbackPeakCondition(5,30,5%)",daily,False,,,,,,,,Invalid Annual Profit (None) for PE; Missing reports for YoY growth; PE is NaN for PE/Growth calc; Rev Growth invalid for PE/Growth calc
603237,2025-05-07,"MAPullbackPeakCondition(5,30,5%)",daily,False,,,,,,,,Invalid Annual Profit (None) for PE; Missing reports for YoY growth; PE is NaN for PE/Growth calc; Rev Growth invalid for PE/Growth calc
603288,2025-05-07,"MAPullbackPeakCondition(5,30,5%)",daily,False,,,,,,,,Invalid Annual Profit (None) for PE; Missing reports for YoY growth; PE is NaN for PE/Growth calc; Rev Growth invalid for PE/Growth calc
603312,2025-05-07,"MAPullbackPeakCondition(5,30,5%)",daily,False,,,,,,,,Invalid Annual Profit (None) for PE; Missing reports for YoY growth; PE is NaN for PE/Growth calc; Rev Growth invalid for PE/Growth calc
603365,2025-05-07,"MAPullbackPeakCondition(5,30,5%)",daily,False,,,,,,,,Invalid Annual Profit (None) for PE; Missing reports for YoY growth; PE is NaN for PE/Growth calc; Rev Growth invalid for PE/Growth calc
603456,2025-05-07,"MAPullbackPeakCondition(5,30,5%)",daily,False,,,,,,,,Invalid Annual Profit (None) for PE; Missing reports for YoY growth; PE is NaN for PE/Growth calc; Rev Growth invalid for PE/Growth calc
603565,2025-05-07,"MAPullbackPeakCondition(5,30,5%)",daily,False,,,,,,,,Invalid Annual Profit (None) for PE; Missing reports for YoY growth; PE is NaN for PE/Growth calc; Rev Growth invalid for PE/Growth calc
603606,2025-05-07,"MAPullbackPeakCondition(5,30,5%)",daily,False,,,,,,,,Invalid Annual Profit (None) for PE; Missing reports for YoY growth; PE is NaN for PE/Growth calc; Rev Growth invalid for PE/Growth calc
603608,2025-05-07,"MAPullbackPeakCondition(5,30,5%)",daily,False,,,,,,,,Invalid Annual Profit (None) for PE; Missing reports for YoY growth; PE is NaN for PE/Growth calc; Rev Growth invalid for PE/Growth calc
603609,2025-05-07,"MAPullbackPeakCondition(5,30,5%)",daily,False,,,,,,,,Invalid Annual Profit (None) for PE; Missing reports for YoY growth; PE is NaN for PE/Growth calc; Rev Growth invalid for PE/Growth calc
603637,2025-05-07,"MAPullbackPeakCondition(5,30,5%)",daily,False,,,,,,,,Invalid Annual Profit (None) for PE; Missing reports for YoY growth; PE is NaN for PE/Growth calc; Rev Growth invalid for PE/Growth calc
603648,2025-05-07,"MAPullbackPeakCondition(5,30,5%)",daily,False,,,,,,,,Invalid Annual Profit (None) for PE; Missing reports for YoY growth; PE is NaN for PE/Growth calc; Rev Growth invalid for PE/Growth calc
603655,2025-05-07,"MAPullbackPeakCondition(5,30,5%)",daily,False,,,,,,,,Invalid Annual Profit (None) for PE; Missing reports for YoY growth; PE is NaN for PE/Growth calc; Rev Growth invalid for PE/Growth calc
603676,2025-05-07,"MAPullbackPeakCondition(5,30,5%)",daily,False,,,,,,,,Invalid Annual Profit (None) for PE; Missing reports for YoY growth; PE is NaN for PE/Growth calc; Rev Growth invalid for PE/Growth calc
603699,2025-05-07,"MAPullbackPeakCondition(5,30,5%)",daily,False,,,,,,,,Invalid Annual Profit (None) for PE; Missing reports for YoY growth; PE is NaN for PE/Growth calc; Rev Growth invalid for PE/Growth calc
603708,2025-05-07,"MAPullbackPeakCondition(5,30,5%)",daily,False,,,,,,,,Invalid Annual Profit (None) for PE; Missing reports for YoY growth; PE is NaN for PE/Growth calc; Rev Growth invalid for PE/Growth calc
603819,2025-05-07,"MAPullbackPeakCondition(5,30,5%)",daily,False,,,,,,,,Invalid Annual Profit (None) for PE; Missing reports for YoY growth; PE is NaN for PE/Growth calc; Rev Growth invalid for PE/Growth calc
603939,2025-05-07,"MAPullbackPeakCondition(5,30,5%)",daily,False,,,,,,,,Invalid Annual Profit (None) for PE; Missing reports for YoY growth; PE is NaN for PE/Growth calc; Rev Growth invalid for PE/Growth calc
605179,2025-05-07,"MAPullbackPeakCondition(5,30,5%)",daily,False,,,,,,,,Invalid Annual Profit (None) for PE; Missing reports for YoY growth; PE is NaN for PE/Growth calc; Rev Growth invalid for PE/Growth calc
605567,2025-05-07,"MAPullbackPeakCondition(5,30,5%)",daily,False,,,,,,,,Invalid Annual Profit (None) for PE; Missing reports for YoY growth; PE is NaN for PE/Growth calc; Rev Growth invalid for PE/Growth calc
688010,2025-05-07,"MAPullbackPeakCondition(5,30,5%)",daily,False,,,,,,,,Invalid Annual Profit (None) for PE; Missing reports for YoY growth; PE is NaN for PE/Growth calc; Rev Growth invalid for PE/Growth calc
688056,2025-05-07,"MAPullbackPeakCondition(5,30,5%)",daily,False,,,,,,,,Invalid Annual Profit (None) for PE; Missing reports for YoY growth; PE is NaN for PE/Growth calc; Rev Growth invalid for PE/Growth calc
688065,2025-05-07,"MAPullbackPeakCondition(5,30,5%)",daily,False,,,,,,,,Invalid Annual Profit (None) for PE; Missing reports for YoY growth; PE is NaN for PE/Growth calc; Rev Growth invalid for PE/Growth calc
688068,2025-05-07,"MAPullbackPeakCondition(5,30,5%)",daily,False,,,,,,,,Invalid Annual Profit (None) for PE; Missing reports for YoY growth; PE is NaN for PE/Growth calc; Rev Growth invalid for PE/Growth calc
688082,2025-05-07,"MAPullbackPeakCondition(5,30,5%)",daily,False,,,,,,,,Invalid Annual Profit (None) for PE; Missing reports for YoY growth; PE is NaN for PE/Growth calc; Rev Growth invalid for PE/Growth calc
688083,2025-05-07,"MAPullbackPeakCondition(5,30,5%)",daily,False,,,,,,,,Invalid Annual Profit (None) for PE; Missing reports for YoY growth; PE is NaN for PE/Growth calc; Rev Growth invalid for PE/Growth calc
688091,2025-05-07,"MAPullbackPeakCondition(5,30,5%)",daily,False,,,,,,,,Invalid Annual Profit (None) for PE; Missing reports for YoY growth; PE is NaN for PE/Growth calc; Rev Growth invalid for PE/Growth calc
688122,2025-05-07,"MAPullbackPeakCondition(5,30,5%)",daily,False,,,,,,,,Invalid Annual Profit (None) for PE; Missing reports for YoY growth; PE is NaN for PE/Growth calc; Rev Growth invalid for PE/Growth calc
688173,2025-05-07,"MAPullbackPeakCondition(5,30,5%)",daily,False,,,,,,,,Invalid Annual Profit (None) for PE; Missing reports for YoY growth; PE is NaN for PE/Growth calc; Rev Growth invalid for PE/Growth calc
688177,2025-05-07,"MAPullbackPeakCondition(5,30,5%)",daily,False,,,,,,,,Invalid Annual Profit (None) for PE; Missing reports for YoY growth; PE is NaN for PE/Growth calc; Rev Growth invalid for PE/Growth calc
688192,2025-05-07,"MAPullbackPeakCondition(5,30,5%)",daily,False,,,,,,,,Invalid Annual Profit (None) for PE; Missing reports for YoY growth; PE is NaN for PE/Growth calc; Rev Growth invalid for PE/Growth calc
688235,2025-05-07,"MAPullbackPeakCondition(5,30,5%)",daily,False,,,,,,,,Invalid Annual Profit (None) for PE; Missing reports for YoY growth; PE is NaN for PE/Growth calc; Rev Growth invalid for PE/Growth calc
688238,2025-05-07,"MAPullbackPeakCondition(5,30,5%)",daily,False,,,,,,,,Invalid Annual Profit (None) for PE; Missing reports for YoY growth; PE is NaN for PE/Growth calc; Rev Growth invalid for PE/Growth calc
688268,2025-05-07,"MAPullbackPeakCondition(5,30,5%)",daily,False,,,,,,,,Invalid Annual Profit (None) for PE; Missing reports for YoY growth; PE is NaN for PE/Growth calc; Rev Growth invalid for PE/Growth calc
688282,2025-05-07,"MAPullbackPeakCondition(5,30,5%)",daily,False,,,,,,,,Invalid Annual Profit (None) for PE; Missing reports for YoY growth; PE is NaN for PE/Growth calc; Rev Growth invalid for PE/Growth calc
688285,2025-05-07,"MAPullbackPeakCondition(5,30,5%)",daily,False,,,,,,,,Invalid Annual Profit (None) for PE; Missing reports for YoY growth; PE is NaN for PE/Growth calc; Rev Growth invalid for PE/Growth calc
688301,2025-05-07,"MAPullbackPeakCondition(5,30,5%)",daily,False,,,,,,,,Invalid Annual Profit (None) for PE; Missing reports for YoY growth; PE is NaN for PE/Growth calc; Rev Growth invalid for PE/Growth calc
688319,2025-05-07,"MAPullbackPeakCondition(5,30,5%)",daily,False,,,,,,,,Invalid Annual Profit (None) for PE; Missing reports for YoY growth; PE is NaN for PE/Growth calc; Rev Growth invalid for PE/Growth calc
688331,2025-05-07,"MAPullbackPeakCondition(5,30,5%)",daily,False,,,,,,,,Invalid Annual Profit (None) for PE; Missing reports for YoY growth; PE is NaN for PE/Growth calc; Rev Growth invalid for PE/Growth calc
688336,2025-05-07,"MAPullbackPeakCondition(5,30,5%)",daily,False,,,,,,,,Invalid Annual Profit (None) for PE; Missing reports for YoY growth; PE is NaN for PE/Growth calc; Rev Growth invalid for PE/Growth calc
688356,2025-05-07,"MAPullbackPeakCondition(5,30,5%)",daily,False,,,,,,,,Invalid Annual Profit (None) for PE; Missing reports for YoY growth; PE is NaN for PE/Growth calc; Rev Growth invalid for PE/Growth calc
688401,2025-05-07,"MAPullbackPeakCondition(5,30,5%)",daily,False,,,,,,,,Invalid Annual Profit (None) for PE; Missing reports for YoY growth; PE is NaN for PE/Growth calc; Rev Growth invalid for PE/Growth calc
688443,2025-05-07,"MAPullbackPeakCondition(5,30,5%)",daily,False,,,,,,,,Invalid Annual Profit (None) for PE; Missing reports for YoY growth; PE is NaN for PE/Growth calc; Rev Growth invalid for PE/Growth calc
688515,2025-05-07,"MAPullbackPeakCondition(5,30,5%)",daily,False,,,,,,,,Invalid Annual Profit (None) for PE; Missing reports for YoY growth; PE is NaN for PE/Growth calc; Rev Growth invalid for PE/Growth calc
688522,2025-05-07,"MAPullbackPeakCondition(5,30,5%)",daily,False,,,,,,,,Invalid Annual Profit (None) for PE; Missing reports for YoY growth; PE is NaN for PE/Growth calc; Rev Growth invalid for PE/Growth calc
688526,2025-05-07,"MAPullbackPeakCondition(5,30,5%)",daily,False,,,,,,,,Invalid Annual Profit (None) for PE; Missing reports for YoY growth; PE is NaN for PE/Growth calc; Rev Growth invalid for PE/Growth calc
688531,2025-05-07,"MAPullbackPeakCondition(5,30,5%)",daily,False,,,,,,,,Invalid Annual Profit (None) for PE; Missing reports for YoY growth; PE is NaN for PE/Growth calc; Rev Growth invalid for PE/Growth calc
688566,2025-05-07,"MAPullbackPeakCondition(5,30,5%)",daily,False,,,,,,,,Invalid Annual Profit (None) for PE; Missing reports for YoY growth; PE is NaN for PE/Growth calc; Rev Growth invalid for PE/Growth calc
688591,2025-05-07,"MAPullbackPeakCondition(5,30,5%)",daily,False,,,,,,,,Invalid Annual Profit (None) for PE; Missing reports for YoY growth; PE is NaN for PE/Growth calc; Rev Growth invalid for PE/Growth calc
688603,2025-05-07,"MAPullbackPeakCondition(5,30,5%)",daily,False,,,,,,,,Invalid Annual Profit (None) for PE; Missing reports for YoY growth; PE is NaN for PE/Growth calc; Rev Growth invalid for PE/Growth calc
688687,2025-05-07,"MAPullbackPeakCondition(5,30,5%)",daily,False,,,,,,,,Invalid Annual Profit (None) for PE; Missing reports for YoY growth; PE is NaN for PE/Growth calc; Rev Growth invalid for PE/Growth calc
688690,2025-05-07,"MAPullbackPeakCondition(5,30,5%)",daily,False,,,,,,,,Invalid Annual Profit (None) for PE; Missing reports for YoY growth; PE is NaN for PE/Growth calc; Rev Growth invalid for PE/Growth calc
688692,2025-05-07,"MAPullbackPeakCondition(5,30,5%)",daily,False,,,,,,,,Invalid Annual Profit (None) for PE; Missing reports for YoY growth; PE is NaN for PE/Growth calc; Rev Growth invalid for PE/Growth calc
688767,2025-05-07,"MAPullbackPeakCondition(5,30,5%)",daily,False,,,,,,,,Invalid Annual Profit (None) for PE; Missing reports for YoY growth; PE is NaN for PE/Growth calc; Rev Growth invalid for PE/Growth calc
688799,2025-05-07,"MAPullbackPeakCondition(5,30,5%)",daily,False,,,,,,,,Invalid Annual Profit (None) for PE; Missing reports for YoY growth; PE is NaN for PE/Growth calc; Rev Growth invalid for PE/Growth calc
872541,2025-05-07,"MAPullbackPeakCondition(5,30,5%)",daily,False,,,,,,,,Invalid Annual Profit (None) for PE; Missing reports for YoY growth; PE is NaN for PE/Growth calc; Rev Growth invalid for PE/Growth calc
